url,alt,width,height,extension,parent_tag,real_width,real_height,format,selected
https://files.everiaclub.com/2023/04/11/30fd57f7850842308052490544c1e471.jpg,,1000px,,.jpg,div,,,,1
https://files.everiaclub.com/2023/04/11/3f1580cff7f2491480ece5e3198be43b.jpg,,1000px,,.jpg,div,,,,1
https://files.everiaclub.com/2023/04/11/d0e8f9000973433f9799ac70a6c2a3e1.jpg,,1000px,,.jpg,div,,,,1
https://files.everiaclub.com/2023/04/11/e3a711b558e643e7959f4e7afc56f9d7.jpg,,1000px,,.jpg,div,,,,1
https://files.everiaclub.com/2023/04/11/0f168141e5734db5a41b5b7630e11527.jpg,,1000px,,.jpg,div,,,,1
https://files.everiaclub.com/2023/04/11/8b8cd06a0ec64daeb0ed2a2e78eddc71.jpg,,1000px,,.jpg,div,,,,1
https://files.everiaclub.com/2023/04/11/75258e8cac6e45e6abdccede5c529b0d.jpg,,1000px,,.jpg,div,,,,1
https://files.everiaclub.com/2023/04/11/2f83265c0c554e23b0b264d8bbafff3b.jpg,,1000px,,.jpg,div,,,,1
https://files.everiaclub.com/2023/04/11/b36229d01f8e4e63a7bf6ded94886640.jpg,,1000px,,.jpg,div,,,,1
https://files.everiaclub.com/2023/04/11/ad6668885bb64a6d8156a7db4b7403a7.jpg,,1000px,,.jpg,div,,,,1
https://files.everiaclub.com/2023/04/11/e7fdaf9fb3cc4ebbb4a0732e8878982e.jpg,,1000px,,.jpg,div,,,,1
https://files.everiaclub.com/2023/04/11/ffc17f8efa49495f8ba0363b1bcde3cc.jpg,,1000px,,.jpg,div,,,,1
https://files.everiaclub.com/2023/04/11/c0829ae8c1aa43df8118ae5395192bab.jpg,,1000px,,.jpg,div,,,,1
https://files.everiaclub.com/2023/04/11/3e45be932a5c4f7e9b309d4199c55f78.jpg,,1000px,,.jpg,div,,,,1
https://files.everiaclub.com/2023/04/11/d2746fc472cb4a02ad5181455d3415f1.jpg,,1000px,,.jpg,div,,,,1
https://files.everiaclub.com/2023/04/11/69762230e5e2433ab42b1462b8af6031.jpg,,1000px,,.jpg,div,,,,1
https://files.everiaclub.com/2023/04/11/2f23d7ba28d6469084b144595935985b.jpg,,1000px,,.jpg,div,,,,1
https://files.everiaclub.com/2023/04/11/ad118e72e3d54dbe8948dea8a35780cc.jpg,,1000px,,.jpg,div,,,,1
https://files.everiaclub.com/2023/04/11/1c56dde8fc16413782f474feead05c75.jpg,,1000px,,.jpg,div,,,,1
https://files.everiaclub.com/2023/04/11/f677607d0fae44d9851e45ff0cf49a7a.jpg,,1000px,,.jpg,div,,,,1
https://files.everiaclub.com/2023/04/11/34c1dbd5a82c436eaf7f74f69daab1ca.jpg,,1000px,,.jpg,div,,,,1
https://files.everiaclub.com/2023/04/11/c06e08e4769b49909fd508c1ea8b1f65.jpg,,1000px,,.jpg,div,,,,1
https://files.everiaclub.com/2023/04/11/a6e89020241848df99e2240687959550.jpg,,1000px,,.jpg,div,,,,1
https://files.everiaclub.com/2023/04/11/f3f1e3b79160409188e564d344c6bdab.jpg,,1000px,,.jpg,div,,,,1
https://files.everiaclub.com/2023/04/11/5c0a5f00c6104911a68a8c7b9f975742.jpg,,1000px,,.jpg,div,,,,1
https://files.everiaclub.com/2023/04/11/a3e135e05bfb4b8c879f7cd5cd7957be.jpg,,1000px,,.jpg,div,,,,1
https://files.everiaclub.com/2023/04/11/24aa85da679a4a07879462068aab4e5a.jpg,,1000px,,.jpg,div,,,,1
https://files.everiaclub.com/2023/04/11/8d04e98e43c6454b97925b0cf834c493.jpg,,1000px,,.jpg,div,,,,1
https://files.everiaclub.com/2023/04/11/e37b6219515e41c9b005ce82a00a5a0f.jpg,,1000px,,.jpg,div,,,,1
https://files.everiaclub.com/2023/04/11/b8327e6e96d4496d8d37beca70439175.jpg,,1000px,,.jpg,div,,,,1
https://files.everiaclub.com/2023/04/11/86b88c8b81814069a24fe0e18b80b5c2.jpg,,1000px,,.jpg,div,,,,1
https://files.everiaclub.com/2023/04/11/d2f3564671a143cd825294bdb4570fa3.jpg,,1000px,,.jpg,div,,,,1
https://files.everiaclub.com/2023/04/11/b2d6aac7cf814edfa8b2a349292c8abf.jpg,,1000px,,.jpg,div,,,,1
https://files.everiaclub.com/2023/04/11/44578a33543949e392a33a26a62067b9.jpg,,1000px,,.jpg,div,,,,1
https://files.everiaclub.com/2023/04/11/c5e0f6594cb34fde8a5c9688aec5638d.jpg,,1000px,,.jpg,div,,,,1
https://files.everiaclub.com/2023/04/11/bc6c14bc3f8a41b191a3f350b6e95dd3.jpg,,1000px,,.jpg,div,,,,1
https://files.everiaclub.com/2023/04/11/7f8c8504d73045c5a3ef63611000b377.jpg,,1000px,,.jpg,div,,,,1
https://files.everiaclub.com/2023/04/11/003804f3f7e849d68091ee19e2a53922.jpg,,1000px,,.jpg,div,,,,1
https://files.everiaclub.com/2023/04/11/e7687d4d3f6941edb2108311030063a4.jpg,,1000px,,.jpg,div,,,,1
https://files.everiaclub.com/2023/04/11/86057dc6ec0f423ab224a8ecc772b5a5.jpg,,1000px,,.jpg,div,,,,1
https://files.everiaclub.com/2023/04/11/e77faa31067b462ea91cc767fc3ce6de.jpg,,1000px,,.jpg,div,,,,1
https://files.everiaclub.com/2023/04/11/380440cfa7694a20ba0260ef394d08ce.jpg,,1000px,,.jpg,div,,,,1
https://files.everiaclub.com/2023/04/11/b36209abe18a4e9194db83da3b1f1b70.jpg,,1000px,,.jpg,div,,,,1
https://files.everiaclub.com/2023/04/11/acd3472b42a741348d9545401d979354.jpg,,1000px,,.jpg,div,,,,1
https://files.everiaclub.com/2023/04/11/ab4ba3e152cf4e7cbdf0a968c691f9ad.jpg,,1000px,,.jpg,div,,,,1
https://files.everiaclub.com/2023/04/11/4734bbd21b664933907dc757a78cf15c.jpg,,1000px,,.jpg,div,,,,1
https://files.everiaclub.com/2023/04/11/f151d679a73049aba6e09ab9c55131bc.jpg,,1000px,,.jpg,div,,,,1
https://files.everiaclub.com/2023/04/11/167d1ef42d314e55b0030cfbd05780cc.jpg,,1000px,,.jpg,div,,,,1
https://files.everiaclub.com/2023/04/11/45bb91e3e8854aea957ea165456ab916.jpg,,1000px,,.jpg,div,,,,1
https://files.everiaclub.com/2023/04/11/ee78d54c02aa4f92a930cf2aba3024b5.jpg,,1000px,,.jpg,div,,,,1
https://files.everiaclub.com/2023/04/11/ae8984bcee5c4503be110bac36362cba.jpg,,1000px,,.jpg,div,,,,1
https://files.everiaclub.com/2023/04/11/2d9589d81da943e7b1a686d137ddc295.jpg,,1000px,,.jpg,div,,,,1
https://files.everiaclub.com/2023/04/11/47ecb0a2f75c4dd4bb94c4dfd379c152.jpg,,1000px,,.jpg,div,,,,1
https://files.everiaclub.com/2023/04/11/bf5e5653efdf4e92878e748c62387567.jpg,,1000px,,.jpg,div,,,,1
https://files.everiaclub.com/2023/04/11/e614236c0a574459995a95302440f0fb.jpg,,1000px,,.jpg,div,,,,1
https://files.everiaclub.com/2023/04/11/1d28f8f9bf5641b68e57398239b86285.jpg,,1000px,,.jpg,div,,,,1
https://files.everiaclub.com/2023/04/11/a0c7481f49f548828dee8daa2c04cab5.jpg,,1000px,,.jpg,div,,,,1
https://files.everiaclub.com/2023/04/11/d88ba04e4ffc4c56b260a9a71f449634.jpg,,1000px,,.jpg,div,,,,1
https://files.everiaclub.com/2023/04/11/7552931d1ead4c229173987e2cdd6802.jpg,,1000px,,.jpg,div,,,,1
https://files.everiaclub.com/2023/04/11/35030b1974584955b42276899e5c740c.jpg,,1000px,,.jpg,div,,,,1
https://files.everiaclub.com/2023/04/11/a7dc715f3fd746b8adf4e768b2086f62.jpg,,1000px,,.jpg,div,,,,1
https://files.everiaclub.com/2023/04/11/d2c99f2daa594e33a375710e4a56eba3.jpg,,1000px,,.jpg,div,,,,1
https://files.everiaclub.com/2023/04/11/c4d18e1708f244019eb84a2ba3ad78ed.jpg,,1000px,,.jpg,div,,,,1
https://files.everiaclub.com/2023/04/11/1195d6433ffc4312bedc1f9277b8a0a9.jpg,,1000px,,.jpg,div,,,,1
https://files.everiaclub.com/2023/04/11/28c5afae93bb45589971c95f230f2930.jpg,,1000px,,.jpg,div,,,,1
https://files.everiaclub.com/2023/04/11/1e565934cfb14bce8c57f6a65b2352c3.jpg,,1000px,,.jpg,div,,,,1
https://files.everiaclub.com/2023/04/11/bde813884a094c13ab5eb7355b30031d.jpg,,1000px,,.jpg,div,,,,1
https://files.everiaclub.com/2023/04/11/2fd5f3da6e684ee4a76c667e741379a9.jpg,,1000px,,.jpg,div,,,,1
https://files.everiaclub.com/2023/04/11/d1741fdc5d53450aaa16689df0783222.jpg,,1000px,,.jpg,div,,,,1
https://files.everiaclub.com/2023/04/11/d0d24500020e458abbd7fccc30956c41.jpg,,1000px,,.jpg,div,,,,1
https://files.everiaclub.com/2023/04/11/8fd20d31c385428896e7f35c2e0c0bac.jpg,,1000px,,.jpg,div,,,,1
https://files.everiaclub.com/2023/04/11/b09f2c42bae14d92b66bf02982497dd8.jpg,,1000px,,.jpg,div,,,,1
https://files.everiaclub.com/2023/04/11/a89ac8db6f804672bd03516b4b169530.jpg,,1000px,,.jpg,div,,,,1
https://files.everiaclub.com/2023/04/11/4452060bec204591b6296c508e1492cd.jpg,,1000px,,.jpg,div,,,,1
https://files.everiaclub.com/2023/04/11/7407c9e7f051498ab352fce95d2688e9.jpg,,1000px,,.jpg,div,,,,1
https://files.everiaclub.com/2023/04/11/50737b9895764478874014d5ae9abff0.jpg,,1000px,,.jpg,div,,,,1
https://files.everiaclub.com/2023/04/11/aef2fef0f9b245e99b1654e405caecc3.jpg,,1000px,,.jpg,div,,,,1
https://files.everiaclub.com/2023/04/11/fa789472b18d4ac7b893ca622aad871a.jpg,,1000px,,.jpg,div,,,,1
https://files.everiaclub.com/2023/04/11/6b6b0840cf134227be7f7d019c280824.jpg,,1000px,,.jpg,div,,,,1
https://files.everiaclub.com/2023/04/11/2de87ae26a5a44458a5441ec10efbdbc.jpg,,1000px,,.jpg,div,,,,1
https://files.everiaclub.com/2024/12/23/442034eb662b47b48ebae50a7e3ba0d5.jpg,,1000px,,.jpg,div,,,,1
https://files.everiaclub.com/2024/12/23/dad0b071d729406eb353ebb285721678.jpg,,1000px,,.jpg,div,,,,1
https://files.everiaclub.com/2024/12/23/3a0159f6b01b4e3ea65f0e4ff75144ce.jpg,,1000px,,.jpg,div,,,,1
https://files.everiaclub.com/2024/12/23/dad7157d7a844c959952fd9b07a99d7b.jpg,,1000px,,.jpg,div,,,,1
https://files.everiaclub.com/2024/12/23/6810c654a562425297f329b880664cbc.jpg,,1000px,,.jpg,div,,,,1
https://files.everiaclub.com/2024/12/23/699e56db5406408988b5812d664b339f.jpg,,1000px,,.jpg,div,,,,1
https://files.everiaclub.com/2024/12/23/359afebf81d543dbab3e31fb2d1186a7.jpg,,1000px,,.jpg,div,,,,1
https://files.everiaclub.com/2024/12/23/d4820a812f734ea9945b566f2a984e2a.jpg,,1000px,,.jpg,div,,,,1
https://files.everiaclub.com/2024/12/23/8ac474661c95409ca8b8ea647b670f8f.jpg,,1000px,,.jpg,div,,,,1
https://files.everiaclub.com/2024/12/23/2de388f0bdbe4aaf9ecf1a0789f9fa61.jpg,,1000px,,.jpg,div,,,,1
https://files.everiaclub.com/2024/12/23/23023b44dbe146a5a14700dccb5289ea.jpg,,1000px,,.jpg,div,,,,1
https://files.everiaclub.com/2024/12/23/2d7bc0cd4e6a449fb77a57b63150c9f6.jpg,,1000px,,.jpg,div,,,,1
https://files.everiaclub.com/2024/12/23/c67bfdeed0a74a41bb0445daa85ea26a.jpg,,1000px,,.jpg,div,,,,1
https://files.everiaclub.com/2024/12/23/3d1f1ffd786e4b6f8d56845325db11ff.jpg,,1000px,,.jpg,div,,,,1
https://files.everiaclub.com/2024/12/23/7be53d0992cd4d49b69a2a9fb8f4cd53.jpg,,1000px,,.jpg,div,,,,1
https://files.everiaclub.com/2024/12/23/b2c723f6ac6b46088e2bbe38931d2818.jpg,,1000px,,.jpg,div,,,,1
https://files.everiaclub.com/2024/12/23/6971af09009042cb8268710afa6a82b1.jpg,,1000px,,.jpg,div,,,,1
https://files.everiaclub.com/2024/12/23/3d34d6ad3dba4acdba2155e554b12077.jpg,,1000px,,.jpg,div,,,,1
https://files.everiaclub.com/2024/12/23/7f60de6de0284ddaa5f35dd6911f0704.jpg,,1000px,,.jpg,div,,,,1
https://files.everiaclub.com/2024/12/23/982f8c30b3fe4a86a80c08be627b216d.jpg,,1000px,,.jpg,div,,,,1
https://files.everiaclub.com/2024/12/23/efbe943505554ee1b24413d3dc70c409.jpg,,1000px,,.jpg,div,,,,1
https://files.everiaclub.com/2024/12/23/c49b5ca873fa4c728dae01342ef2fee1.jpg,,1000px,,.jpg,div,,,,1
"data:image/png;base64,iVBORw0KGgoAAAANSUhEUgAAAGAAAABgCAYAAADimHc4AAAACXBIWXMAAAsTAAALEwEAmpwYAAAAqElEQVR4nO3ZUQ3EMAxEwdB9/AH0OPRnleuMZAJe21HVcwAAAAAAAAD4rOpRve6BANoOkAASwKdP2PEGJID1FGYD9o3ICdo3o0GNvyIAAAAAAIAbrH9odHkJIAHMpzAbsG9ETtC+GQ3KG5AA5lOYDdg3oltPEAAAAAAA8P/WPzS6vASQAOZTmA3YNyInaN+MBuUNSADzKcwG7BvRrScIAAAAAAAAgHOrHy7Gs/HK/FM/AAAAAElFTkSuQmCC",,20px,20px,,button,,,,0
"data:image/png;base64,iVBORw0KGgoAAAANSUhEUgAAAB4AAAAeCAYAAAA7MK6iAAAACXBIWXMAAAsTAAALEwEAmpwYAAAAw0lEQVR4nO2W0QqDMAxF/YmN7QdLUsiXdk/rwz6nQ/RlKm2SXig4LwSEcjlJtDHTdOkvRUR3Zn7NMT93+JPaLyI3Inozc1njE0J4aqFuPy+Zlk1kTeZrpfnAn7zgJrwC1YFl36rSalvLE2N8NMFWOAxqgcOhyveWa2eea/ijRlXYSjvgOKgBjodqwZYJB281DC6Oj6sbTiOukyiGg2e8VmWZSDC4OMYgBM6jfos8ahGQg9XFMpG6/LRknkzLGtB/6Rz6Ajpgb7Eg8FR9AAAAAElFTkSuQmCC",,,,,button,,,,0
https://files.everiaclub.com/2024/12/23/053cc991d2214077a6b0812b6dbb5976.jpg,,1000px,,.jpg,div,,,,1
https://files.everiaclub.com/2024/12/23/508ef209aa944063b5538b093af55771.jpg,,1000px,,.jpg,div,,,,1
https://files.everiaclub.com/2024/12/23/a9e941f63918421390013045ffe7dc90.jpg,,1000px,,.jpg,div,,,,1
https://files.everiaclub.com/2024/12/23/11e0c33396704b7593b63ad43f869c42.jpg,,1000px,,.jpg,div,,,,1
https://files.everiaclub.com/2024/12/23/acb7505cbce54f47a7c94f91258cb6f0.jpg,,1000px,,.jpg,div,,,,1
https://files.everiaclub.com/2024/12/23/fa4e3afc585143f2ae5dbb68232bdf6f.jpg,,1000px,,.jpg,div,,,,1
https://files.everiaclub.com/2024/12/23/1d89087ab9684cf9bb1d917b13189649.jpg,,1000px,,.jpg,div,,,,1
https://files.everiaclub.com/2024/12/23/ddf8fe079ce649858db1ba02fcc2c0cb.jpg,,1000px,,.jpg,div,,,,1
https://files.everiaclub.com/2024/12/23/596b8cac9b9d4629b649ddfc19482450.jpg,,1000px,,.jpg,div,,,,1
https://files.everiaclub.com/2024/12/23/ea08bca952704151b42158c607ae30a3.jpg,,1000px,,.jpg,div,,,,1
https://files.everiaclub.com/2024/12/23/d9f4fefc634246b7a00669f6c7017dc5.jpg,,1000px,,.jpg,div,,,,1
https://files.everiaclub.com/2024/12/23/7fa6c42e55fa4282ba640a4387b6d096.jpg,,1000px,,.jpg,div,,,,1
https://files.everiaclub.com/2024/12/23/8bd24bbfb7f84bcdbec8642bfc7bf1af.jpg,,1000px,,.jpg,div,,,,1
https://files.everiaclub.com/2024/12/23/c212bf4a828c49429f461dd47ff02cd1.jpg,,1000px,,.jpg,div,,,,1
https://files.everiaclub.com/2024/12/23/7641ab15f10143a6b24e3d63f27a8dc1.jpg,,1000px,,.jpg,div,,,,1
https://files.everiaclub.com/2024/12/23/73d1a1660cf84a4d9c357c4cda0d7060.jpg,,1000px,,.jpg,div,,,,1
https://files.everiaclub.com/2024/12/23/2e54e481773a41fa863a3347a5a3ea2e.jpg,,1000px,,.jpg,div,,,,1
https://files.everiaclub.com/2024/12/23/4cfb9e827026472290ea8ad2452e4a8d.jpg,,1000px,,.jpg,div,,,,1
https://files.everiaclub.com/2024/12/23/adec5d7e49d64384b28d08d64fefdc22.jpg,,1000px,,.jpg,div,,,,1
https://files.everiaclub.com/2024/12/23/bfa6b1d151f047f88c5c964e4069ae14.jpg,,1000px,,.jpg,div,,,,1
https://files.everiaclub.com/2024/12/23/fd120ebaf3da4b91b1bf5fab5919dd18.jpg,,1000px,,.jpg,div,,,,1
https://files.everiaclub.com/2024/12/23/b86b6149e7324f309002b6035f586b89.jpg,,1000px,,.jpg,div,,,,1
https://www.everiaclub.com/static/search.png,Search,,,.png,button,,,,0
https://files.everiaclub.com/2023/04/08/88e1bf0a789f46ea9495ea2b16b830c5.jpg,,220px,,.jpg,a,,,,0
https://files.everiaclub.com/2023/04/11/34110352220a49588cce96c450bd28e1.jpg,,220px,,.jpg,a,,,,0
https://files.everiaclub.com/2023/06/23/74ff04a515f44b43b15e48e4c6bfd925.jpg,,220px,,.jpg,a,,,,0
https://files.everiaclub.com/2023/05/31/562fd59171cf4c88944d848838b34c96.jpg,,220px,,.jpg,a,,,,0
https://files.everiaclub.com/2023/05/29/2ca93b62e860427ebd6c5a82142698f0.jpg,,220px,,.jpg,a,,,,0
https://files.everiaclub.com/2023/04/10/36c0ae3955c24c58a374c8f69d34ef27.jpg,,220px,,.jpg,a,,,,0
https://files.everiaclub.com/2023/04/10/7dd9cd92e1f64455a7c5884f068ee3bf.jpg,,220px,,.jpg,a,,,,0
https://files.everiaclub.com/2023/04/03/fb0082876f9244039c91adc16b6d1d3b.jpg,,220px,,.jpg,a,,,,0
https://files.everiaclub.com/2023/06/03/5cbac055fa2c4746bc5ac8865a0e7c24.jpg,,220px,,.jpg,a,,,,0
https://files.everiaclub.com/2024/03/03/b442a32833f745c1b58ebd1b69bdc18f.jpg,,220px,,.jpg,a,,,,0
https://files.everiaclub.com/2023/08/09/549c0869d945485383a17e0b234b67f6.jpg,,220px,,.jpg,a,,,,0
https://files.everiaclub.com/2023/07/07/da04f5bcc1644fceb7aa1a6727cd9b89.jpg,,220px,,.jpg,a,,,,0
https://files.everiaclub.com/2023/05/28/61a40ec2703f4c62b155e48904bfd369.jpg,,220px,,.jpg,a,,,,0
https://files.everiaclub.com/2023/04/10/7ddf0ad5d1e04ef283dc497826429ed8.jpg,,220px,,.jpg,a,,,,0
https://files.everiaclub.com/2023/04/08/3e9580b3efb74f228dd6cefcc1b1b1b5.jpg,,220px,,.jpg,a,,,,0
https://files.everiaclub.com/2023/04/10/c8c65ae89a0a4de5b51f380d64096ca5.jpg,,220px,,.jpg,a,,,,0
https://files.everiaclub.com/2023/09/28/6884a10a842b4e84bcc0232f12abe6e5.jpg,,220px,,.jpg,a,,,,0
https://files.everiaclub.com/2023/04/09/ac8338e1f1994d3faf5ee1c5da517580.jpg,,220px,,.jpg,a,,,,0
https://files.everiaclub.com/2023/06/08/ea0ad6927d89423f819d37868091bd95.jpg,,220px,,.jpg,a,,,,0
https://files.everiaclub.com/2023/06/12/9d8ce1647edc4fa0b96caed56514a8c2.jpg,,220px,,.jpg,a,,,,0
https://files.everiaclub.com/2023/05/29/f86094e37aef406f94e538471e6ea056.jpg,,220px,,.jpg,a,,,,0
https://files.everiaclub.com/2023/06/05/ae834bb92d83490e97d6c2f818f1a9b4.jpg,,220px,,.jpg,a,,,,0
https://files.everiaclub.com/2023/09/29/7b3dbbaaaf45443d9a5b230157df86d9.jpg,,220px,,.jpg,a,,,,0
https://files.everiaclub.com/2023/04/12/a5dc782b61d74a209d9b32f2818efbe6.jpg,,220px,,.jpg,a,,,,0
https://files.everiaclub.com/2023/04/10/257c6c1163c34c86847eb9a2d34a6b13.jpg,,220px,,.jpg,a,,,,0
https://files.everiaclub.com/2023/04/10/d413077bd33c47fc9f3ed1bbf6585561.jpg,,220px,,.jpg,a,,,,0
https://files.everiaclub.com/2023/05/03/59f0f6e6357c45cabfab7d7e6c07c290.jpg,,220px,,.jpg,a,,,,0
https://files.everiaclub.com/2023/06/04/033a9d54179c42768978dc482951a26f.jpg,,220px,,.jpg,a,,,,0
https://files.everiaclub.com/2023/09/13/2f767a05556b472f8ebf7e1687050f81.jpg,,220px,,.jpg,a,,,,0
https://files.everiaclub.com/2023/08/09/80be092f159b4f9d85ae004afb5d2727.jpg,,220px,,.jpg,a,,,,0
https://files.everiaclub.com/2023/04/10/6a365427d1554ad7af26fe5face3c161.jpg,,220px,,.jpg,a,,,,0
https://files.everiaclub.com/2023/07/08/a19b537ed4d84aec9ae8db8fe1a96b7f.jpg,,220px,,.jpg,a,,,,0
https://files.everiaclub.com/2023/04/02/e10dcbf6c78044d897a735eef5a79a88.jpg,,220px,,.jpg,a,,,,0
https://www.everiaclub.com/static/loading.jpg,,220px,,.jpg,a,,,,0
https://files.everiaclub.com/2023/04/11/4df46bb89a604893966db7904eddeeea.jpg,,220px,,.jpg,a,,,,0
https://files.everiaclub.com/2023/04/09/8185122c738d4b83b0268b46c8e38758.jpg,,220px,,.jpg,a,,,,0
https://files.everiaclub.com/2023/04/08/5183b9bfbc3a48ecba83668ee48dfa0a.jpg,,220px,,.jpg,a,,,,0
https://files.everiaclub.com/2023/04/09/fb9e5c0b29b1435e924112720086add5.jpg,,220px,,.jpg,a,,,,0
https://files.everiaclub.com/2023/06/27/e5964fda33e646b981ee072f7005aac7.jpg,,220px,,.jpg,a,,,,0
https://files.everiaclub.com/2023/07/03/d0676ee0ce4b417293025450c7504adf.jpg,,220px,,.jpg,a,,,,0
https://files.everiaclub.com/2023/04/09/84db2cac3438491da7cdc3c4702f5d4b.jpg,,220px,,.jpg,a,,,,0
https://files.everiaclub.com/2023/06/19/9cf0cf430da94ba4b7718777e5ecf9db.jpg,,220px,,.jpg,a,,,,0
https://files.everiaclub.com/2023/08/15/45a54548c34147ab8f9faad7c1662c63.jpg,,220px,,.jpg,a,,,,0
https://files.everiaclub.com/2023/04/11/a326d90910f348f7b0958408c599303c.jpg,,220px,,.jpg,a,,,,0
https://files.everiaclub.com/2023/06/08/b375bae6b05a4e23b49ab263270b8754.jpg,,220px,,.jpg,a,,,,0
https://files.everiaclub.com/2023/04/04/533e155fc4174ef384180bc097601fe8.jpg,,220px,,.jpg,a,,,,0
https://files.everiaclub.com/2023/07/04/e06954b4ccf449ec8d4e880b1d9b5970.jpg,,220px,,.jpg,a,,,,0
https://files.everiaclub.com/2023/06/11/a972d8f3112349bbb726c1a1a2b6b827.jpg,,220px,,.jpg,a,,,,0
https://files.everiaclub.com/2023/04/08/1fd602e022424013820a36aef9b32aa3.jpg,,220px,,.jpg,a,,,,0
https://files.everiaclub.com/2023/05/27/6e4381700d924707a59fea1a6f49491a.jpg,,220px,,.jpg,a,,,,0
https://ascii.jp/img/2025/05/22/4215934/xl/41ed532cff653463.jpg,,596,,.jpg,a,,,,1
https://ascii.jp/img/2025/05/22/4215936/xl/3e9c27fedf00a72f.jpg,,596,,.jpg,a,,,,1
https://ascii.jp/img/2025/05/22/4215938/xl/921a5d2231d9a782.jpg,,596,,.jpg,a,,,,1
https://ascii.jp/img/2025/05/22/4215939/xl/7a17aaa43d0bd80d.jpg,,596,,.jpg,a,,,,1
https://weekly.ascii.jp/assets/img/img-mainlogo.svg,週刊アスキー,,,.svg,a,,,,0
https://weekly.ascii.jp/assets/img/ico-snsbtn01.svg,Facebookアイコン,,,.svg,a,,,,0
https://weekly.ascii.jp/assets/img/sns_x.png,Xアイコン,,,.png,a,,,,0
https://weekly.ascii.jp/assets/img/ico-snsbtn04.svg,RSSフィード,,,.svg,a,,,,0
https://ascii.jp/img/2020/04/17/3034520/l/63536bc85a76266d.jpg,,282,,.jpg,a,,,,1
https://ascii.jp/img/2020/04/17/3034522/l/52973f633db79691.jpg,,282,,.jpg,a,,,,1
https://ascii.jp/img/2020/04/17/3034523/l/17cd60e2791ef112.jpg,,282,,.jpg,a,,,,1
https://ascii.jp/img/2020/04/17/3034517/l/6a31a4194823b07d.jpg,,282,,.jpg,a,,,,1
https://weekly.ascii.jp/assets/img/icon-ytsubscribe.svg,デジタル情報メディア ASCII（アスキー）のYouTube公式チャンネル登録,,,.svg,a,,,,0
https://ascii.jp/img/2024/08/30/3788805/s/259e5a2f6a422fdc.jpg,,,,.jpg,figure,,,,0
https://ascii.jp/img/2024/09/01/3789221/s/bd71fe738d4cae63.jpg,,,,.jpg,figure,,,,0
https://ascii.jp/img/2024/08/31/3789084/s/afac6724ffb439ed.jpg,,,,.jpg,figure,,,,0
https://ascii.jp/img/2024/09/02/3789310/s/f8242bd35e3cebee.jpg,,,,.jpg,figure,,,,0
https://ascii.jp/img/2024/09/05/3791255/s/f4dea8cbdb86860c.jpg,,,,.jpg,figure,,,,0
https://ascii.jp/img/astore/07011121_6863463983f9b.jpg,,,,.jpg,figure,,,,0
https://ascii.jp/img/astore/05271618_68356734407a6.jpg,,,,.jpg,figure,,,,0
https://ascii.jp/img/astore/07071413_686b576039ec8.jpg,,,,.jpg,figure,,,,0
https://ascii.jp/img/astore/08091003_64d2e5e5e5a60.jpg,,,,.jpg,figure,,,,0
https://ascii.jp/img/astore/07031546_68662752085b5.jpg,,,,.jpg,figure,,,,0
https://ascii.jp/img/2025/07/06/4289338/s/6e39ade0d38fed7a.jpg,,,,.jpg,figure,,,,0
https://ascii.jp/img/2025/07/07/4289896/s/62aef970302eebc7.jpg,,,,.jpg,figure,,,,0
https://ascii.jp/img/2025/06/20/4281104/s/74bc7d85282e1f3e.jpg,,,,.jpg,figure,,,,0
https://ascii.jp/img/2025/07/09/4290583/s/5618c586810ad6b6.jpg,,,,.jpg,figure,,,,0
https://ascii.jp/img/2025/06/03/4229312/s/53eed73f2b56c48c.jpg,,,,.jpg,figure,,,,0
https://blogger.googleusercontent.com/img/b/R29vZ2xl/AVvXsEibV7WDziNdj47XHY1cYE0V8NdaYL9ELjfocj3Fo-Wuk0HTu_idnYJjwzy2vSONtrkOpplRlR0ql7SZS2kVoyRt_z1k8FqDe5Y2aP3TXEked8AAjMmYQ4LIxXPCK_bcH2gSNN-HiN85-fHfXLETlgAuY3N03aKf46RB4pDmXi9JFp6hnlgWkf6Hrtsg2KAN/s1600/WPB21ANGE_0.jpg,,,,.jpg,a,,,,1
https://blogger.googleusercontent.com/img/b/R29vZ2xl/AVvXsEjr3ByTQB-umY1hFshGnb3qK3E1s2zi_nn_FgKQO0JgnZtng_h9knGqFMn6M586duWWSr86PqBWtieLoP9JBTMGg7-WOrVTZtejS-GgJovcIfAXKksnKgDCdyK8OyKKyKaTPSHOBPe0RIDkE4-DVKyMuzpRfqoNLAntqLHbbE4mkhyphenhyphenX4lW8t3yf8yKdedZm/s1600/WPB21ANGE_1.jpg,,,,.jpg,a,,,,1
https://blogger.googleusercontent.com/img/b/R29vZ2xl/AVvXsEgN4eXOUkYEPzGhJZeqC4CzyjQfozpEcVKz7bU2L7s8WU7wmmsHn9GCUDMHOOAfYpdklrUb9j1c1cdW5ZhkOm8hSMRVVMYhqPg16CJTJcuR6IKiDUPocnun-8NfygK3-1xWaznPm3wVW6NG4Wf_F12SKQmEtQdYllmUcbgBxOHJ5ZZ9UOQ6GKu8ustkIPnr/s1600/WPB21ANGE_2.jpg,,,,.jpg,a,,,,1
https://blogger.googleusercontent.com/img/b/R29vZ2xl/AVvXsEh9_So7aXYPQHq4N5_rKkvk6ivU9Ud0GqsiKajoHbGS6bbAFU2LCQp8iyEyFNFtWOp4vRLlwemODhnlyz7rWrFBuKdSi8d7939uVe8GF_u5-Nh2ePS0pVNqe3RQU5tdEk_rDqm60TInhalEvFj1Gq9fT639X6pK2LTGEJxFALsJbdcPdAf-Suqll5yG75n3/s1600/WPB21ANGE_3.jpg,,,,.jpg,a,,,,1
https://blogger.googleusercontent.com/img/b/R29vZ2xl/AVvXsEjNRrqyfZYIlyODIMoc-k7Z9Ufsc4qhuLwyH_N-IMtVz6wtstsx7Nl5hnF_ZmYW0jUjVaF61RLVbhpfFsXP8J0pPt_eygPwHlDKBQBqBBwRw6p4tSwAdb6KFDQuhJk5qJvKgaDi57xUOC1Wmf0u_8JU5myEG2enSTuaqR3QApJSMU8IFUq2BQ4aH20Dpvlx/s1600/WPB21ANGE_4.jpg,,,,.jpg,a,,,,1
https://blogger.googleusercontent.com/img/b/R29vZ2xl/AVvXsEgO93BLIkM4zp_o3vOScRpYmeiu6_mHGCE5vaw4yCq1Kj-McTk9cU9DwJ6dUWEsSsT1Q0rr4Csa38tQ8IUoQyoSQCgNgHiW-xfic5eR9ORA8hNEHtEa50cA6E9Ze3Tm66IhdDqVBn1KnEbPKOqkn5rf22IaWl9HOdMuPEqsMxiPcZqZlFdrMsB6-bDUmZDP/s1600/WPB21ANGE_5.jpg,,,,.jpg,a,,,,1
https://blogger.googleusercontent.com/img/b/R29vZ2xl/AVvXsEgzAL4lJHSeed4G6QAJ36-XufuvPuKb9VOZlMYNA7lrFpdVDEtMmyz0Ksz2uJ7rXYyVhZahj_i7EruV52hyK0dhsA0fDtH2SSk1Q9H46Fb5W1EXDSo0Eaqx20PxLcAPD0sqpDnDPIU6WRtnrOtw8-QECezCYaChqFBRmbt1c_jGrdsGBBt3PrKrlbCAZjtx/s1600/WPB21ANGE_6.jpg,,,,.jpg,a,,,,1
https://blogger.googleusercontent.com/img/b/R29vZ2xl/AVvXsEiD_zeJDeT7X6uYHvXkQTLfDFaqupmCbg_06oQ7lwp5iczFmvFuWZzjh8-iuZvU0LilQ1gzzNXqIt_XJBHj_fo4inpZKpwCv5d_nyRh3lohgPnBd2l1r6a-YIydrVCRFZX12Nd_9UkIdV4y8rhJ9kiQGUueXng-Uru4GRbhER3TlAu6t1scBN6GIzAG1-kt/s1600/WPB21ANGE_7.jpg,,,,.jpg,a,,,,1
https://blogger.googleusercontent.com/img/b/R29vZ2xl/AVvXsEjsj4HVD6ZviM0t5xKGwjnDj2Bz3uER85lem1ZNVYDj49AAK-fJWZnszvkLS7PBLqBPeOgxhLsi1gNPiAwwF2LZdJA2wBhMrBtKYSS-hq_AAeK1nWZLytbzwHuqdx8ndLn74UwVxo4A2oWnC7QJcTWfRWeOd-WBw1ngub6dPiUlZ1-m48_hripXkM__zsXJ/s1600/WPB21ANGE_8.jpg,,,,.jpg,a,,,,1
https://blogger.googleusercontent.com/img/b/R29vZ2xl/AVvXsEgwSfGmqddQTrtbGS-HEUyizUveHeS5FP1v-Qp8B9FTokG-tuUSCksVv_j55TBIPc5IGlDCeplEXysKsdD0XwI1IyAeY9qS1A0IJ-CLYB3fNrzKc8ZIhoeNFxb-btowAkJbTl-__IkIQId5B0ZnUhspxSIhgaBpYKjg54tQI54O2op8V35dARcxjsjAqP3g/s1600/WPB21ANGE_9.jpg,,,,.jpg,a,,,,1
https://blogger.googleusercontent.com/img/b/R29vZ2xl/AVvXsEgGri00bWFno7oyc4u6GTiO3e-giySRKxUxNcF5D6ZZD3sFFY67SmXmkRFAYF3ZlLWqq_iZnJnWnM5ig950-n9syrAk6aHS8H6qbRhb3JDCY62OjZXuV9A_XhANsnppOZ7zPs-kN-sOx8SYYL_j68OgKWI-poSpTWxs9zNaK8y2qgbcvy1MKeuYCojL2hT3/s1600/WPB21ANGE_10.jpg,,,,.jpg,a,,,,1
https://blogger.googleusercontent.com/img/b/R29vZ2xl/AVvXsEj9CJtP_Rp1R-HJ6nwsGF0aoqi5t2hm_MksJIA2gW2vZ92RxBrYWpDdxK6qcSNxg7hQUDF1jWEE5nedVM5gZR729g9Kau0709bOVNHgpQbUR4FpyHbWv70vlJJYmjia-Gzb_ssLG3XoBKkADeMTlFhc_jkdQhT3cFEAuTH73QLJg0doDm4s6LrG96HRgC-p/s1600/WPB21ANGE_11.jpg,,,,.jpg,a,,,,1
https://blogger.googleusercontent.com/img/b/R29vZ2xl/AVvXsEheV-wFjqd3ciTjqy-0QCz5cPX6HamZHUFkmIpyBtYSItu6D8bSLOleZy4-8bzicMIJ9RyNRGdYRLHj_bZew2ZCyrZixKT-QYlQhHFuxlJf7rqFGq4m_4Uq9TqM3iuouJy_ng_od9tDCxYGXI-xfLyXbBxwZ1UolUVhgMATzn1vQJERlcdaeysRUS1ylcTY/s1600/WPB21ANGE_12.jpg,,,,.jpg,a,,,,1
https://blogger.googleusercontent.com/img/b/R29vZ2xl/AVvXsEjez8SmnEWdxQjvtYVwnwOzuj-TJM1HqgpA7lttQfiyhWTYR4EApntw8cRUcTIikU_Olu87Pr7fzGoSH18iRtPgnfwxZBJmKsepbbPK5ryImvNcD6Ws3N8klijov9k5E_zvo5BWN4JZ0m3lU0nSusJSEgxXBx7CZc6-ScqUTC1zmL9aJY-fEMP9TiAE73lV/s1600/WPB21ANGE_13.jpg,,,,.jpg,a,,,,1
https://blogger.googleusercontent.com/img/b/R29vZ2xl/AVvXsEigxZWt2cghNQyaQ9rirsnfV4kmFFN9bT50ZTMtmt1kQzPERl54BkygUZZYcei75UeclczM_nmj5flzJkn65LyskH38waK_40Qx9Wa_q6eppMMbUpnRmDuuQE7XWC4223fUyBmnAQAr2I5ydxg8_w_n0D_GT0EgVKsMQD5KQH-p7S7kZXAFv-ilMpgjG75k/s1600/WPB21ANGE_14.jpg,,,,.jpg,a,,,,1
https://blogger.googleusercontent.com/img/b/R29vZ2xl/AVvXsEhMBK07aHLGznQfuVfRmFmK2kVcm9-6SNcALQQRH3t-1QSD37fFQj92_L3v3XhleVOxIRx8lseTs6P7OBYYsAig5uuuMoJtdWXlliUpeRfkt7aRSM9y6WbIydNLeMgk6QN7WMFPArFWdeoYGCCnQFJ67Za-x_uTW6UFtrC4JM4QCoaPjqALyd9IQOFxdvta/s1600/WPB21ANGE_15.jpg,,,,.jpg,a,,,,1
https://blogger.googleusercontent.com/img/b/R29vZ2xl/AVvXsEiJBEe7ketR82sAZmtfdK1ZGd27GezreNM2gFYzSQaCFJe3v0NrP4hxgOMbMphWFH9wp56kiKML0twJRkkprOLNb4AttGH1eDuDr1kVOURTEjh8t7tRJfGHJHqajyL8lYM43t0gpJC_J4Jc89WeSxk3dxSv45C-jouZHCIt19_k1T2NHAK6DBYNGk3QQfFK/s1600/WPB21ANGE_16.jpg,,,,.jpg,a,,,,1
https://blogger.googleusercontent.com/img/b/R29vZ2xl/AVvXsEhRajKKF1CItNdNDHchzjdQEMmwxPzyOmcPgVx6ayJdlAQTcSYwcZZ4HX3w1FXPDC3UqBqgjPA_iKNw8T20byM_5p6Avh_rsD5BMuqrd3cMEjxwV-OFn1oZb2BdRyXis_2OmwV-3OLspL0dWtIujjrzzIRlZU5ipS6uI2uvW_xRFCDB6GuNSNl06aVEc0Ry/s1600/WPB21ANGE_17.jpg,,,,.jpg,a,,,,1
https://blogger.googleusercontent.com/img/b/R29vZ2xl/AVvXsEh5F-ogfeiQAEK8jpMB3NrsjJDHqGJkd5vXIDYU8HAMjSjqAoECdPlTvMXs5y4VDU55PLHXSDCewBUkhu6gWWUTl7EP7yXOa3hcEeYvTjVJadDsYZB7W3cVQzIU71mAQX6rBUk122rtJbg/s72-c/000.jpg,,72,72,.jpg,a,,,,0
https://blogger.googleusercontent.com/img/b/R29vZ2xl/AVvXsEgu-8B5EbabkHTuoPCNaq9oO9BvAdeGckR6G6KmoKfT-_KNld3CNL5gH6OHQCoorPHjv3SxxszBrK0K47Eja_YYB385UXQFoVjG_xwMcTpJn9-sPuRmHd1moygUKtkx8ND1lgxtecAXikHnOEz5zy9rKZCuTenTW8jET3H0w0xhHTCVhRQCBm3--GBh/s72-c/000.jpg,,72,72,.jpg,a,,,,0
https://blogger.googleusercontent.com/img/b/R29vZ2xl/AVvXsEjWA5kCtGkcTu4bM_mi8iM24-LWcNMWPkxuYYnM93UJTWVsvzgMS8P4lcbM9X1yFo-8Hx0ka8rE2oYC3atC2E8_qTOWIFq5ThOrOtpwvJLjlh8qCYAqKNQQi4WiPqEPQ6x07A3x8PbT9xc/s72-c/000.jpg,,72,72,.jpg,a,,,,0
https://blogger.googleusercontent.com/img/b/R29vZ2xl/AVvXsEga6FrmCmcTg3kklUZw1WTCMd48O5NEH6tukxkTjtOiNVxWGCtsFRGraSybp3WkE1Y6g5SXv-mVtdSlXLaigR2YGXhX-5Efe5N32HoCgDjYzx_aXOXGMf6ysYIcBSB-13G4FE_xAtnS5zU/s72-c/000.jpg,,72,72,.jpg,a,,,,0
https://blogger.googleusercontent.com/img/b/R29vZ2xl/AVvXsEip8lSP4RnmWy4QwuUpUrVK3P66dOpPmY7tCe9T7JA5N30kxTU8M9pZOKmDg0c1yz9S-_f5LQOYtUiiGne3dLThRi-zS_jGQWj_tJnHUelpKxFsLei6pciUq2c6mVKolUh35XNLshTV_Ik/s72-c/11052391_586903674799543_8155718935316022750_n.jpg,,72,72,.jpg,a,,,,0
https://blogger.googleusercontent.com/img/a/AVvXsEh3iGm5OTtk9Vims9h-6TfsL_ufqciLB81AMncgxshuoCQeT_6C_D6jLWsUsbVKajQV-m2EuiGKgYdSPMP6-WXJV07HtWp7OsFAeeUZFBTpgZKpEU38fI0cv1hOr7VLnb3HPbR4ysxxBET4-9yArHbhzsTX414K-4zTsX4uxD4nPnWh0VQeNOAs9_0q=s72-c,,72,72,,a,,,,0
https://blogger.googleusercontent.com/img/b/R29vZ2xl/AVvXsEhdGBVorLlYjj6iqL-_7tyjgJAXrPUWL-0GDDX7ewaiGdPQSWz4unbyhmWZ-g81fzuzpfRnT08e2rHyupZB44ihe4Gx0ikwg0WHPEidWqYa_dL1jA8UDaqzIh8ibM0R6I4GkfVLmHqaLYiRb3NWlMBepMvgE79Q6zG6IAERW3doJ6Nwfy1zLOvL20XbltM/s72-c/CAMP14MIKU_0.webp,,72,72,.webp,a,,,,0
https://blogger.googleusercontent.com/img/b/R29vZ2xl/AVvXsEgCyqJyvF94fgF8_u4pCRYi-8kZIlgxt3Hz618RHb7q34ug8AEgxABWkHJ4TrHsqkbGYzD1LmGgmL_u6XypvjatL9a3Y_GxolT_39MUICu5bW6UCD4fI5Q3vAmFAxQkMWMe7HxRPtxCZss/s72-c/000.jpg,,72,72,.jpg,a,,,,0
https://blogger.googleusercontent.com/img/b/R29vZ2xl/AVvXsEgYU-tIVAGo2AN2DvbxxYqm7Si5ahjGMCvCcW7wRr0mmpaTAwBfipUV5YwJKdXse_AnUfdsZS6bnmUwtzgf9Qh2h9kz5uWC6WdK2leG0Tv-W3nTs2_SWmj_uMGPtpA_EhXGVRX-F_wjNbU/s72-c/000.jpg,,72,72,.jpg,a,,,,0
https://blogger.googleusercontent.com/img/b/R29vZ2xl/AVvXsEgJ4YpRr_xQxicfr5AFSI1OTaQvHf_Fd-Ap2aodQugu78INIlVhG1vOgc261wd6Q26Xl8ekhx82HmB7Pd5sNFO3fRhj3qjdbGU5erswmXW1hc4XnhNoxelb_2pYGL8541tzycBj_KRW5Aw/s72-c/000.jpeg,,72,72,.jpeg,a,,,,0
https://kprofiles.com/wp-content/uploads/2023/02/herald_logo-2.png,Kpop Profiles,,,.png,a,209.0,50.0,PNG,0
https://kprofiles.com/wp-content/uploads/2017/01/OH-MY-GIRL-4-570x800.jpg,,570,800,.jpg,p,570.0,800.0,JPEG,1
https://kprofiles.com/wp-content/uploads/2017/01/OH-MY-GIRL-logo-900x561.jpg,,286,178,.jpg,p,900.0,561.0,JPEG,0
https://kprofiles.com/wp-content/uploads/2017/01/HYOJUNG-3-533x800.jpg,,533,800,.jpg,p,533.0,800.0,JPEG,1
https://kprofiles.com/wp-content/uploads/2017/01/MIMI-3-900x600.jpg,,900,600,.jpg,p,900.0,600.0,JPEG,1
https://kprofiles.com/wp-content/uploads/2017/01/YOOA-3-533x800.jpg,,533,800,.jpg,p,533.0,800.0,JPEG,1
https://kprofiles.com/wp-content/uploads/2017/01/SEUNGHEE-3-533x800.jpg,,533,800,.jpg,p,533.0,800.0,JPEG,1
https://kprofiles.com/wp-content/uploads/2017/01/YUBIN-3-533x800.jpg,,533,800,.jpg,p,533.0,800.0,JPEG,1
https://kprofiles.com/wp-content/uploads/2017/01/ARIN-3-900x600.jpg,,900,600,.jpg,p,900.0,600.0,JPEG,1
https://kprofiles.com/wp-content/uploads/2018/02/JinE-533x800.jpg,,533,800,.jpg,p,533.0,800.0,AVIF,0
https://kprofiles.com/wp-content/uploads/2017/01/FN-szoLVsAI2d9S-900x600.jpg,,900,600,.jpg,p,900.0,600.0,JPEG,0
https://kprofiles.com/wp-content/uploads/2024/07/1000121065-300x168.jpg,,300,168,.jpg,a,300.0,168.0,JPEG,0
https://kprofiles.com/wp-content/uploads/2022/05/mintchocopost1-300x168.png,,300,168,.png,a,300.0,168.0,AVIF,0
https://kprofiles.com/wp-content/uploads/2025/05/arisegroupphoto-300x168.jpg,,300,168,.jpg,a,300.0,168.0,JPEG,0
https://secure.gravatar.com/avatar/c084bb4dcb2b1fbb81b9ce9fb337219f8c63b75dfc885618914ca1cb2b1e1917?s=140&d=mm&r=g,,140,140,,div,140.0,140.0,PNG,0
